{
  "workflow_version": "1.2.0",
  "timestamps": {
    "started": "2025-12-18T10:38:01",
    "last_updated": "2025-12-18T10:42:49"
  },
  "mode": "initial_scan",
  "scan_level": "deep",
  "project_root": "f:\\PC-Assistant",
  "output_folder": "f:\\PC-Assistant\\_bmad-output",
  "completed_steps": [
    "step_1",
    "step_2",
    "step_3",
    "step_4"
  ],
  "current_step": "complete",
  "findings": {
    "project_structure": {
      "repository_type": "multi-part",
      "project_parts": [
        {
          "part_id": "backend",
          "root_path": "f:\\PC-Assistant\\backend",
          "project_type_id": "backend",
          "display_name": "Backend (FastAPI, Python)"
        },
        {
          "part_id": "frontend",
          "root_path": "f:\\PC-Assistant\\frontend",
          "project_type_id": "desktop",
          "display_name": "Frontend (Electron)"
        }
      ]
    },
    "project_classification": {
      "repository_type": "multi-part",
      "project_type_summary": "backend (FastAPI) + desktop (Electron) assistant",
      "project_parts": [
        "backend",
        "frontend"
      ]
    },
    "scan_level": "deep",
    "backend_summary": {
      "entrypoint": "backend/app.py",
      "launch_helper": "backend/launch_backend.py",
      "key_modules": [
        "executor",
        "vision",
        "llm",
        "utils",
        "config"
      ],
      "dependencies": [
        "fastapi",
        "uvicorn",
        "mss",
        "pillow",
        "pytesseract",
        "python-dotenv",
        "httpx",
        "dashscope",
        "pyautogui",
        "pygetwindow",
        "uiautomation",
        "PyYAML",
        "psutil"
      ]
    },
    "frontend_summary": {
      "entrypoint": "frontend/main.js",
      "renderer": "frontend/renderer/index.js",
      "scripts": [
        "npm start",
        "npm run backend"
      ],
      "project_type_id": "desktop"
    },
    "documentation_output": "_bmad-output/index.md"
  },
  "outputs_generated": [
    "index.md",
    "project-scan-report.json"
  ],
  "resume_instructions": "Deep scan complete; see _bmad-output/index.md"
}